{"accuracy": 0.7, "precision": 0.6804123711340206, "recall": 0.6947368421052632, "f1": 0.6875}